Marca;Producto;Precio Unitario;Stock
Columbia;Chaleco Térmico;174.7;78
Asics;Gorra de Entrenamiento;51.86;66
Under Armour;Top Deportivo;15.94;44
Asics;Medias Deportivas;108.09;107
Adidas;Gorra de Entrenamiento;157.4;143
Asics;Chaleco Térmico;32.8;22
Adidas;Chaleco Térmico;135.76;30
Nike;Gorra de Entrenamiento;105.35;132
Columbia;Gorra de Entrenamiento;93.45;125
Adidas;Zapatillas de Trail;67.41;84
Under Armour;Medias Deportivas;153.88;38
Columbia;Shorts de Running;37.81;24
Nike;Casaca Cortaviento;156.45;146
Reebok;Gorra de Entrenamiento;74.74;14
Asics;Zapatillas de Trail;79.59;41
Puma;Top Deportivo;106.74;74
Lululemon;Zapatillas de Trail;171.29;88
Adidas;Shorts de Running;119.98;48
Lululemon;Pantalón de Buzo;73.98;63
Columbia;Pantalón de Buzo;94.35;48
Lululemon;Mallas de Compresión;21.27;50
Under Armour;Pantalones de Yoga;179.16;106
Columbia;Mallas de Compresión;85.82;13
The North Face;Casaca Cortaviento;66.49;40
New Balance;Chaleco Térmico;53.67;44
Reebok;Chaleco Térmico;21.36;21
Reebok;Pantalón de Buzo;77.27;95
Adidas;Medias Deportivas;135.35;38
New Balance;Top Deportivo;137.48;34
Asics;Zapatillas de Trail;102.52;9
Adidas;Pantalón de Buzo;182.58;6
Puma;Sudadera con Capucha;176.22;95
Under Armour;Shorts de Running;186.48;85
Puma;Mallas de Compresión;55.77;45
New Balance;Shorts de Running;47.53;80
Under Armour;Chaleco Térmico;120.58;50
New Balance;Zapatillas de Trail;188.48;33
Under Armour;Sudadera con Capucha;187.63;99
Adidas;Chaleco Térmico;24.75;86
Reebok;Gorra de Entrenamiento;60.78;97
Puma;Medias Deportivas;67.98;136
Puma;Shorts de Running;154.07;91
Reebok;Shorts de Running;139.02;88
Asics;Chaleco Térmico;128.23;51
Reebok;Mallas de Compresión;169.06;134
Puma;Zapatillas de Trail;149.57;115
Asics;Medias Deportivas;17.72;114
Adidas;Casaca Cortaviento;22.25;65
Lululemon;Zapatillas de Trail;103.24;95
New Balance;Casaca Cortaviento;79.04;129
Adidas;Zapatillas de Trail;182.9;138
Columbia;Camiseta Dry-Fit;171.5;104
Reebok;Chaleco Térmico;179.43;134
Nike;Camiseta Dry-Fit;28.49;149
The North Face;Pantalones de Yoga;103.3;45
Puma;Chaleco Térmico;121.56;145
The North Face;Pantalones de Yoga;102.51;29
Reebok;Top Deportivo;130.29;61
Under Armour;Chaleco Térmico;176.36;112
Reebok;Mallas de Compresión;135.99;102
New Balance;Zapatillas de Trail;169.22;30
Adidas;Casaca Cortaviento;45.91;10
Under Armour;Shorts de Running;75.65;63
Under Armour;Medias Deportivas;183.99;45
Columbia;Shorts de Running;129.31;125
Under Armour;Top Deportivo;145.92;39
Adidas;Chaleco Térmico;154.4;146
Under Armour;Chaleco Térmico;60.66;92
Lululemon;Shorts de Running;77.12;9
Adidas;Medias Deportivas;20.32;68
The North Face;Pantalón de Buzo;161.44;69
Nike;Gorra de Entrenamiento;169.44;56
Adidas;Top Deportivo;91.39;56
New Balance;Chaleco Térmico;178.49;54
Puma;Top Deportivo;127.85;21
Nike;Zapatillas de Trail;169.38;133
New Balance;Chaleco Térmico;55.44;67
Reebok;Chaleco Térmico;85.8;93
Puma;Mallas de Compresión;179.51;125
Reebok;Sudadera con Capucha;70.73;89
Nike;Top Deportivo;99.26;75
New Balance;Gorra de Entrenamiento;22.86;31
Asics;Medias Deportivas;61.66;93
Nike;Pantalón de Buzo;45.81;66
Adidas;Mallas de Compresión;153.3;48
Under Armour;Pantalones de Yoga;130.98;104
Under Armour;Sudadera con Capucha;167.58;108
Under Armour;Chaleco Térmico;114.9;45
Adidas;Shorts de Running;32.54;86
Adidas;Gorra de Entrenamiento;84.68;58
Puma;Sudadera con Capucha;26.08;44
Puma;Medias Deportivas;170.62;57
Under Armour;Camiseta Dry-Fit;174.37;52
Asics;Pantalón de Buzo;105.72;131
Adidas;Pantalón de Buzo;35.38;128
New Balance;Pantalón de Buzo;25.8;97
Reebok;Camiseta Dry-Fit;173.6;136
Reebok;Casaca Cortaviento;142.38;111
Nike;Pantalón de Buzo;144.23;27
Lululemon;Sudadera con Capucha;47.25;85
Nike;Casaca Cortaviento;118.36;9
Nike;Medias Deportivas;59.38;38
The North Face;Medias Deportivas;167.68;9
New Balance;Zapatillas de Trail;60.28;35
Adidas;Pantalón de Buzo;55.95;85
Nike;Shorts de Running;59.19;93
Reebok;Chaleco Térmico;121.97;123
The North Face;Shorts de Running;51.93;37
Under Armour;Chaleco Térmico;41.81;51
Columbia;Top Deportivo;170.11;117
Columbia;Chaleco Térmico;186.17;6
Lululemon;Shorts de Running;48.25;127
Reebok;Pantalón de Buzo;78.34;36
Nike;Chaleco Térmico;154.1;116
Puma;Zapatillas de Trail;84.7;148
Adidas;Shorts de Running;168.56;78
New Balance;Casaca Cortaviento;153.34;43
Under Armour;Camiseta Dry-Fit;62.21;135
Reebok;Pantalones de Yoga;53.7;149
Asics;Casaca Cortaviento;158.64;147
Columbia;Zapatillas de Trail;72.27;140
The North Face;Chaleco Térmico;181.54;126
Columbia;Medias Deportivas;172.97;66
Nike;Pantalón de Buzo;131.8;39
Adidas;Camiseta Dry-Fit;109.1;63
Lululemon;Top Deportivo;148.32;132
Reebok;Top Deportivo;61.4;79
Under Armour;Casaca Cortaviento;92.48;132
Puma;Camiseta Dry-Fit;109.74;63
Reebok;Casaca Cortaviento;171.14;19
New Balance;Camiseta Dry-Fit;88.74;28
Puma;Medias Deportivas;134.91;74
Lululemon;Shorts de Running;69.03;61
Asics;Medias Deportivas;106.42;79
Adidas;Top Deportivo;121.72;141
Columbia;Shorts de Running;135.0;69
Nike;Mallas de Compresión;172.65;18
Puma;Pantalones de Yoga;166.4;131
Puma;Shorts de Running;123.82;79
The North Face;Medias Deportivas;101.08;105
New Balance;Zapatillas de Trail;95.39;100
Puma;Pantalón de Buzo;147.97;54
Asics;Pantalones de Yoga;49.22;97
Under Armour;Pantalones de Yoga;60.63;103
Asics;Camiseta Dry-Fit;120.34;56
Reebok;Sudadera con Capucha;162.04;129
Under Armour;Camiseta Dry-Fit;151.1;52
Reebok;Top Deportivo;178.65;97
The North Face;Shorts de Running;188.11;140
Lululemon;Top Deportivo;160.27;14
Columbia;Chaleco Térmico;37.94;78
The North Face;Shorts de Running;162.89;103
Reebok;Mallas de Compresión;53.15;90
Under Armour;Top Deportivo;97.24;62
The North Face;Pantalones de Yoga;147.37;121
New Balance;Shorts de Running;179.24;12
New Balance;Medias Deportivas;25.89;71
Adidas;Mallas de Compresión;148.27;61
Asics;Sudadera con Capucha;33.58;59
Lululemon;Mallas de Compresión;64.45;47
Adidas;Gorra de Entrenamiento;170.18;105
Adidas;Pantalones de Yoga;89.25;97
Under Armour;Shorts de Running;60.48;90
Nike;Gorra de Entrenamiento;161.82;42
Nike;Zapatillas de Trail;84.37;147
Columbia;Mallas de Compresión;96.99;137
Reebok;Pantalones de Yoga;131.78;53
Asics;Chaleco Térmico;117.25;40
Lululemon;Gorra de Entrenamiento;141.73;12
Lululemon;Medias Deportivas;141.93;60
The North Face;Chaleco Térmico;185.42;59
New Balance;Zapatillas de Trail;36.33;53
Reebok;Top Deportivo;158.06;93
Reebok;Pantalones de Yoga;35.77;7
Reebok;Pantalones de Yoga;173.06;95
Nike;Gorra de Entrenamiento;110.52;71
Adidas;Pantalón de Buzo;104.54;69
Columbia;Zapatillas de Trail;122.65;150
Columbia;Pantalón de Buzo;169.0;50
Adidas;Pantalones de Yoga;172.62;97
Nike;Pantalones de Yoga;164.8;69
New Balance;Medias Deportivas;143.7;140
Under Armour;Pantalones de Yoga;91.07;36
Lululemon;Casaca Cortaviento;125.91;70
Asics;Medias Deportivas;77.35;75
New Balance;Sudadera con Capucha;99.58;81
New Balance;Chaleco Térmico;179.89;53
Asics;Pantalones de Yoga;137.61;39
Puma;Gorra de Entrenamiento;103.95;110
Reebok;Casaca Cortaviento;158.41;77
Nike;Zapatillas de Trail;49.46;112
Puma;Sudadera con Capucha;81.91;87
Asics;Gorra de Entrenamiento;77.78;87
The North Face;Casaca Cortaviento;49.09;62
Asics;Sudadera con Capucha;157.57;86
Nike;Gorra de Entrenamiento;156.4;73
The North Face;Pantalón de Buzo;43.63;21
Under Armour;Pantalones de Yoga;154.17;25
Columbia;Top Deportivo;145.76;102
Puma;Casaca Cortaviento;184.1;67
Reebok;Sudadera con Capucha;20.89;72
New Balance;Sudadera con Capucha;87.78;82
Under Armour;Mallas de Compresión;36.01;85
Puma;Camiseta Dry-Fit;33.72;70
Lululemon;Zapatillas de Trail;88.5;48
Columbia;Casaca Cortaviento;113.57;17
Reebok;Shorts de Running;115.18;12
Asics;Top Deportivo;28.97;96
Reebok;Shorts de Running;110.01;42
Asics;Gorra de Entrenamiento;85.45;24
Reebok;Mallas de Compresión;125.95;87
Under Armour;Top Deportivo;40.21;58
Columbia;Pantalón de Buzo;102.4;124
Reebok;Sudadera con Capucha;134.67;68
New Balance;Chaleco Térmico;35.14;10
Columbia;Gorra de Entrenamiento;187.74;31
Adidas;Top Deportivo;139.47;55
Lululemon;Chaleco Térmico;161.62;145
Nike;Pantalones de Yoga;50.6;55
Nike;Camiseta Dry-Fit;189.61;55
Nike;Gorra de Entrenamiento;124.16;7
Puma;Chaleco Térmico;160.67;124
Asics;Pantalón de Buzo;85.85;17
Nike;Pantalón de Buzo;186.12;117
Under Armour;Mallas de Compresión;87.31;114
New Balance;Top Deportivo;34.52;67
Nike;Pantalones de Yoga;186.72;83
Nike;Pantalón de Buzo;120.52;97
Under Armour;Gorra de Entrenamiento;58.9;99
Puma;Chaleco Térmico;97.48;116
Asics;Pantalones de Yoga;82.12;123
The North Face;Shorts de Running;132.63;12
Lululemon;Camiseta Dry-Fit;126.91;117
Under Armour;Casaca Cortaviento;178.41;59
Asics;Sudadera con Capucha;150.38;144
Columbia;Chaleco Térmico;147.0;102
Puma;Top Deportivo;137.97;102
Under Armour;Pantalón de Buzo;157.95;48
Adidas;Sudadera con Capucha;38.51;72
The North Face;Zapatillas de Trail;24.92;106
Nike;Gorra de Entrenamiento;33.53;139
Lululemon;Camiseta Dry-Fit;24.76;29
The North Face;Mallas de Compresión;112.98;64
Asics;Medias Deportivas;58.44;33
Asics;Shorts de Running;125.7;26
Nike;Top Deportivo;157.82;45
Adidas;Sudadera con Capucha;43.68;146
Reebok;Gorra de Entrenamiento;123.82;122
Adidas;Zapatillas de Trail;132.08;56
New Balance;Mallas de Compresión;158.56;147
The North Face;Casaca Cortaviento;92.05;120
New Balance;Gorra de Entrenamiento;62.46;9
The North Face;Camiseta Dry-Fit;53.36;63
The North Face;Shorts de Running;105.04;57
The North Face;Medias Deportivas;186.9;33
Puma;Medias Deportivas;53.01;128
Reebok;Sudadera con Capucha;147.84;142
Under Armour;Sudadera con Capucha;67.54;132
Under Armour;Mallas de Compresión;114.06;124
Columbia;Mallas de Compresión;124.0;108
New Balance;Zapatillas de Trail;25.24;67
Under Armour;Casaca Cortaviento;101.88;84
Columbia;Pantalones de Yoga;112.15;118
Adidas;Sudadera con Capucha;152.11;85
Nike;Top Deportivo;112.13;102
Adidas;Camiseta Dry-Fit;186.0;124
Under Armour;Camiseta Dry-Fit;126.73;134
Puma;Mallas de Compresión;45.66;126
Lululemon;Chaleco Térmico;37.82;12
Nike;Pantalón de Buzo;151.41;84
Nike;Chaleco Térmico;154.84;62
Puma;Camiseta Dry-Fit;36.01;48
Columbia;Pantalón de Buzo;186.27;22
Reebok;Mallas de Compresión;72.66;117
Nike;Mallas de Compresión;181.52;58
Nike;Camiseta Dry-Fit;39.85;62
Under Armour;Zapatillas de Trail;182.41;8
The North Face;Camiseta Dry-Fit;27.83;140
Asics;Camiseta Dry-Fit;24.65;88
The North Face;Top Deportivo;74.49;77
The North Face;Chaleco Térmico;151.48;141
Nike;Zapatillas de Trail;38.39;70
The North Face;Shorts de Running;74.15;58
Asics;Pantalones de Yoga;167.71;96
Under Armour;Gorra de Entrenamiento;187.91;74
Puma;Mallas de Compresión;52.66;25
Adidas;Pantalón de Buzo;95.68;130
Puma;Chaleco Térmico;160.18;104
Reebok;Chaleco Térmico;34.1;42
New Balance;Chaleco Térmico;61.02;56
Adidas;Pantalones de Yoga;97.69;128
Under Armour;Top Deportivo;18.22;82
Nike;Zapatillas de Trail;132.34;85
Adidas;Medias Deportivas;21.42;40
Nike;Camiseta Dry-Fit;48.21;62
Asics;Gorra de Entrenamiento;133.99;83
Asics;Casaca Cortaviento;95.58;98
Reebok;Sudadera con Capucha;105.7;73
Puma;Chaleco Térmico;67.21;24
Adidas;Casaca Cortaviento;36.15;41